code,rating
42051010002P0,4
32020015008P9,4
33139016002P0,6
33096015001P8,3
42041015011P8,4
33027013004P0,5
31011012004P5,7
33014019001P0,7
33014019003P3,7
32049013001P5,4
30007011003P2,5
21016003001P4,3
32053010001P9,4
41006011002P0,5
41006011007P2,5
42004012156P8,4
42004012157P4,4
33024014019P9,6
32008015015P2,5
40003019008P7,5
31005012019P6,7
42005019031P7,5
33005010017P2,3
33106010001P9,4
42008018007P8,4
42008018003P2,4
41002016020P3,5
22003010013P0,5
40002012040P1,4
40004015035P0,5
40004015044P0,3
31004016048P0,3
28001010020P3,4
28001010063P4,4
22001018065P7,4
22033017004P6,3
24009016172P4,4
23003014074P1,3
30001013015P2,4
30001013041P3,4
31003010078P3,3
31003010157P0,4
52001016068P0,5
52001016104P7,4
32005016070P4,3
32004010003P2,5
32001010026P0,5
32001010078P0,5
51001012023P4,4
51001012173P6,3
15001016169P7,4
15001016172P8,3
24001015017P8,5
24001015075P8,5
24001015079P3,3
25001019046P0,5
25001019068P4,4
25001019173P2,3
25001019171P0,4
40001016025P6,6
40001016050P0,5
40001016079P9,4
42001013025P1,6
42001013170P1,4
31001017062P3,7
31001017113P7,6
23001011007P0,4
23001011076P1,3
23001011046P5,5
25003011014P4,5
25003011070P1,3
27001016038P3,4
41001010010P5,4
41001010054P2,5
33001014076P0,4
42002010030P5,4
42002010167P0,4
32006012020P3,5
32006012035P0,4
32002017029P5,5
15004015005P3,5
53001010016P7,6
53001010105P0,4
33003025005P3,5
28013018004P9,4
22002014001P5,4
31035019002P1,5
32076010001P1,3
33092010001P6,7
40015017070P9,4
33063010006P9,5
42046017011P0,3
10001018006P7,3
10001018048P1,3
42020018008P7,4
42007011007P1,6
41008014003P0,5
41005015005P3,6
41005015002P4,5
41016017007P4,4
41007018006P2,5
41007018002P7,5
23004010008P5,3
40022013001P0,4
42009014014P0,3
33110018001P2,4
33002010085P5,7
33002010086P1,6
33002010232P8,4
33002010243P0,5
33002037025P3,4
33002029036P0,7
33002029040P7,5
40006018044P2,4
53045009001P3*,3
33139016003P6,4
31105009001P1,4
33096015003P0,3
33146012002P2,4
33138010001P0,4
31011012011P1,5
31011012014P0,5
33014019004P0,5
33014019006P2,4
33014019007P9,5
33113017001P1,4
32065019001P3,3
30007011001P0,5
31152007001P1,3
33302006001P2,3
31034012001P9,3
53019016002P5,5
53023013001P2,3
52010015109P4,3
32045018002P6,4
27005011001P8,2
33129010002P8,5
33129010004P0,4
33024014029P4,4
33024014024P2,5
40003019019P9,4
31005012033P9,5
33005010018P9,3
53072006001P0,3
41002016009P0,5
31004016161P0,4
28001010052P2,4
22001018071P7,4
30001013045P9,3
31003010092P6,5
32004010024P0,3
24001015059P2,2
40001016172P9,4
23001011057P7,4
31002013015P1,5
41001010078P9,4
41001010163P6,4
33001014046P3,4
42002010050P6,5
32006012076P9,4
32010010042P4,4
53001010055P2,5
53001010102P0,4
41009010003P6,3
31018017008P5,3
33004102073P5,4
52016013002P3,3
40014010012P2,4
33149011001P5,2
25018019001P3,1
32003013014P4,4
22002014009P6,3
33034010010P7,3
33092010008P0,5
40015017028P2,4
42007011024P3,5
41005015011P3,5
23004010002P7,3
25004018010P5,4
42010012007P9,3
33002010240P0,4
15027007040P0,3
20002017007P8,4
26001012082P0,3
12001015029P2,5
28001010058P0,4
31003010031P7,6
31003010173P6,4
52001016043P8,5
51005018013P4,4
32001010072P1,4
51001012174P2,3
50001019037P2,4
15010015075P8,3
15001016060P5,4
24001015060P0,5
25001019013P5,5
25001019059P5,5
42003016045P5,5
21001014017P0,4
21001014032P9,4
40001016027P9,4
28022017013P3,4
42001013034P0,7
31001017021P5,7
31001017125P5,6
23001011037P6,5
13001019039P0,3
27001016026P5,4
27001016033P1,4
41001010017P0,6
33001014023P3,5
53001010010P9,7
33003017016P0,6
22001018171P1*,3
25020013043P9,3
25020013044P5,3
33002010151P8,6
33002010029P8,6
42051010003P7,4
33024014020P7,7
33006016010P0,5
31005012039P7,5
31005012027P9,5
33106010002P5,6
41002016022P6,4
40004015037P3*,5
32025017002P2,5
31004016041P5,5
26001012014P4,4
28001010019P5,5
22001018084P1,5
24009016031P1,4
30001013030P1,5
31003010052P4,5
52001016065P1,4
20001010028P9,4
32001010049P0,7
15001016063P4,5
24001015052P8,5
25001019057P2,5
42003016032P0,5
40001016053P0,4
42001013049P8,6
42001013096P6,6
31001017088P2,7
31001017172P3,4
31001017103P1,6
23001011024P1,5
41001010048P2,5
41001010064P8,5
42002010161P2,5
32006012036P7,4
32002017039P0,4
53001010042P8,5
53001010101P4,5
33004056090P3,5
33004056082P0,5
33003017095P7,6
53005015003P4,3
50014013001P9*,3
33072019003P1,5
33002010097P3,5
33002010249P8,6
33002045014P7,7
30011019103P0,5
13012002001P6,2
33245010001P7,4
25019015002P6,4
33248010001P0,4
31040012004P4,4
41002016165P1,5
12001015172P0,4
28001010077P5,5
25001019085P6,5
31001017142P7,5
31001017150P0,5
23001011052P5,5
22002014011P0,3
42007011021P4,5
41004019005P7,5
41002016005P4,6
41002016010P8,4
41002016014P3,5
40004015076P9,4
32025017003P9,4
15006018014P5,3
31004016039P0,5
31004016162P7,5
11001011075P1,3
28001010035P0,5
28001010030P9,4
28001010054P5,5
28001010026P1,4
22001018078P1,4
30001013024P1,4
31003010038P1,4
52001016024P3,4
52001016108P2,4
32005016038P3,5
20001010045P0,4
32001010051P4,7
32001010058P9,6
32007019028P0,4
15001016055P1,6
24001015056P3*,4
24001015078P7,1
24001015044P5,5
25001019157P7,4
42003016044P9,4
40001016055P2,5
42001013093P7,5
42001013055P8,6
42001013044P6,7
31001017157P4,5
31001017089P9,7
31001017175P2,4
31001017072P9,5
23001011044P2,4
23001011067P2,4
29007003009P1,3
32018010042P1,4
32018010047P3,3
42002010037P0,5
32006012075P2,4
32006012071P7,4
53001010103P7,5
53001010040P5,5
53001010057P5,4
33004013063P4,6
33004013066P3,4
40076016008P9,3
40076016004P3,4
40076016003P7,4
33003017094P0,6
33003017093P4,6
33003017077P9,7
33009015086P6,4
31021018003P0,6
31021018004P7,5
33002010200P9,6
33002010198P4,5
33002010203P8,6
35009004001P0,4
33313008001P0,3
22008012075P7,4
32025017007P4,3
28001010174P0,4
28001010092P4,4
50001019178P5,3
15001016173P4,3
31001017170P0,4
40076016006P6,4
31021018024P8,4
31021018020P2,4
31009018001P5,7
42004012019P0,4
33010013010P4,5
33011010001P5,5
33305005002P8,3
31013015001P9,6
31005012002P6,7
41002016011P4,4
40002012014P0,5
40004015011P4,6
40005011008P0,5
31004016022P0,5
23002018003P0,4
28007018010P2,3
33144010001P7,6
26001012002P6,6
12001015006P2,5
28001010002P5,4
22001018002P5,7
24009016017P9,4
30001013105P1*,5
30001013005P7,5
31003010002P7,6
52001016009P4,6
32005016008P7,4
32004010046P3,4
20001010013P1,5
32001010002P3,7
50001019012P0,4
15001016037P3,6
24001015002P0,4
25001019002P3,7
42003016033P7,5
21001014016P3,5
40001016020P4,6
42001013002P1,7
31001017118P9,5
31001017002P0,7
31001017174P6,4
23001011010P0,5
25003011024P0,4
27001016008P7,5
41001010020P0,6
33001014011P5,4
42002010019P1,5
32006012018P9,5
32002017025P0,5
53001010002P6,5
33004080051P4,5
33015015001P7,7
33004137063P6,5
33003017002P9,7
33052018007P3,4
32011016010P8*,4
32003013013P8,4
33009015180P2,3
40043010003P2,3
33051011007P7,5
33002010004P5,7
33002010002P2,7
33002045002P9,7
40006018172P0,4
31009018003P8,5
31010016028P5,6
41006011014P9,4
42004012013P2,6
42004012001P4,7
52010015104P2,5
12002011003P0,6
12002011001P7,4
12002011002P3,4
12002011004P6,5
33120013001P4,5
31057012001P1,5
15027007039P2,4
32008015008P6,4
42005019002P7,6
43028004001P0*,3
28002016002P8,5
28002016011P7,3
40002012019P2,4
40004015026P1,5
40004015005P4,7
20002017009P0,4
31033016014P7,5
24004014011P9,5
31004016055P6,4
31004016047P3,5
28006011009P8,4
28007018011P9,6
28007018006P5*,4
28007018004P2,4
33144010017P0,5
11001011001P8,2
26001012025P6,7
12001015063P6*,5
28001010065P7,4
28001010039P6,5
22001018058P0,4
22001018172P8,4
23003014019P0,3
30001013014P6,4
31003010039P8,4
52001016070P5,4
52001016026P6,7
51005018011P1,4
51005018003P9,3
52060004007P0,3
32005016012P4,5
32004010017P3,6
20001010012P5,4
32001010061P0,5
32001010036P5,7
32001010089P1,5
51001012029P2,5
51001012018P0,5
51001012005P6,6
50001019176P2,3
50001019003P0,5
50001019039P5,4
32007019016P2,4
15010015072P9,5
15001016081P2,4
15001016030P9,5
15001016087P0*,7
15001016052P2,5
15001016022P6,5
24001031026P8,3
24001015029P6,5
24001040001P4*,4
25001019041P9,7
25001019010P6,5
25001019038P8,6
25001019034P2,4
42003016053P8,4
21001014084P9,4
40001016004P9,4
40001016005P5,6
40001016048P6,6
40001016054P6,4
40001016008P4,6
15002012004P4*,4
42001013057P0,5
42001013007P3,5
42001013008P0,7
31001017146P2,6
31001017014P9,5
31001017019P0,6
31001017096P5,7
23001011015P2,7
23001011059P0,5
25003011001P0,5
25003011071P8,3
25003011033P9*,6
31002013012P2,4
27001016017P6,4
41001010043P0,4
41001010071P4,6
33001014003P2,5
32018010040P9,3
42002010026P8,6
16003012006P6,4
32006012029P0,4
32006012013P7,6
32002017030P3,4
32002017021P4,5
32002017042P1,5
32010010040P1,3
53001010112P6,4
53001010008P4,7
53001010099P0,4
28005015010P0,3
50002015002P0,5
33004048023P9,5
33004064025P2*,6
33004064012P8,6
33004161001P7,5
33004137067P1,6
33004153072P6,6
33003017009P3,7
33003017010P1,6
40005011011P0*,4
14001012003P9*,5
33009015178P8,5
33009015076P0,4
40043010007P8,4
32014015006P0,5
32014015102P9,3
10001018041P7,3
31021018014P2,5
33087016002P9,3
22005013001P4,5
42010012004P0,4
33002010018P6,7
33002010027P5,7
33002010116P8,7
33002010221P6,6
33002029033P0,5
33002029018P1,6
33140014001P8,5
31057012002P8,5
28001010082P9,2
33001014048P6,5
33087016004P1,4
33339007001P2,2
33305005001P1*,4
53003012005P4,7
51002019005P2,6
42008018001P0,5
12008010003P1,4
28002016006P3,5
40002012023P0,7
40004015042P7,5
31033016018P2*,5
28007018008P8,5
33144010016P4,4
12001015013P9,4
28001010080P6,4
22001018064P0,4
22001018080P6,4
24009016030P5,4
22042008002P3,5
30001013029P3,4
51001012177P1,4
32007019020P0,5
12001015038P1*,5
15001016068P6,5
24001015074P1,3
22003010017P5*,6
25001019081P0,4
42003016020P2,7
40001016083P6,3
40001016036P8,7
15002012007P3,3
31001017013P2,7
31001017100P2,6
27001016171P5,4
33001014020P4,5
33001014042P8,4
32018010011P9,5
16003012011P0,4
32010010010P5*,4
32006012171P1,4
32002017023P7,6
33008019005P0,4
33032017005P7,4
53001010100P8*,4
33004030077P0,5
33004064087P8,5
33082014005P6,5
32011016044P0,4
33009015170P7,4
33009015085P0,4
42014018003P9,6
33002088003P7,5
40006018176P6,5
32148011001P6,5
22003010028P7*,4
33004064079P5,5
32145012001P7,3
32014015009P9,5
23004010004P0,4
40022013004P9,5
42004012005P0,7
22008012002P0,3
50005014001P3,3
33299013001P1,4
41002016164P5,4
40002012003P9,4
40004015034P4,5
40004015073P0,3
40005011007P3,4
28006011004P6,4
28001010057P4,4
22001018017P2,4
24009016173P0,3
30001013046P5,4
41020014010P9,4
52001016029P5,5
51005018171P9,3
32004010005P5,6
32004010042P8,4
32001010031P3,5
15001016038P0,4
24013020001P0,4
24001015025P0,6
42003016009P9,6
21001014020P0,4
40001016019P6,6
42001013079P4,5
31001017112P0,6
25003011021P0,3
31002013006P2,5
27001016016P0,4
41001010021P7,6
41001010046P0,7
42002010013P3,6
16003012012P6,4
32006012172P8,4
32002017013P1,7
32010010044P7,4
33004153070P3*,5
33003017042P0,6
33003017027P1,7
33003017029P4,6
33003017028P8,5
31021018017P1,4
42009014010P5,4
42010012001P0,5
33002010101P0*,6
40006018016P9,4
52010015103P6,5
31050018002P3,5
32044011001P3,5
32082010001P8,4
32048017001P9*,4
42045010003P0,4
32005016028P8*,4
42003016054P4,4
40006018015P2,4
31098010001P5,5
53093003001P0,3
33324000001P2,4
53062000001P8,4
32008015017P5,6
31005012026P2,6
22003010074P9,4
24004014007P1,3
31004016061P6,7
31004016057P9,4
33144010019P3,5
33144010173P2,4
28001010177P0,4
28001010094P7,4
24009016171P8,4
31003010033P0,4
31003010062P0,4
52001016055P6,4
32001010011P2,7
15001016053P9,5
24001015080P1,5
25001019033P6,5
42003016037P2,5
21001014082P6,4
40001016061P2,6
40001016076P0,4
42001013033P4,5
42001013101P0,5
42001013156P9,4
31001017137P3,4
31001017160P5,5
41001010083P2,4
33001014026P2,4
42002010163P5,4
32006012072P3,4
53001010026P2,7
53001010025P6,5
33004110044P0*,6
33003017017P6,7
40043010002P6,3
40043010009P0,5
31021018157P8,4
33002010030P6,7
33002010208P0,6
53037014001P0,5
31070019001P0,5
53013018002P7,4
53013018001P0,4
53013018003P3,4
53019016006P0,3
35133007003P8,3
33011010014P0,3
31005012157P0,4
33005010046P2,4
22003010019P8,4
40004015033P8,4
32025017005P1,3
31003010057P6,4
25001019091P6,4
28022017008P0,5
42001013175P3,4
31096018001P2,4
14001012156P0,4
42046017012P6,5
52004015001P2,4
52010015003P1,5
52010015004P8,6
12002011010P6,4
12002011006P9,5
33081018001P4,5
41002016003P1,5
41002016024P9,4
41002016007P7,5
28002016010P0,5
52012018002P8,3
52012018003P4,4
40002012013P4*,6
40004015008P3,6
40004015039P6,4
40004015020P3,5
20002017001P0,5
51004011001P0,4
51004011007P8,4
31033016015P3,6
31033016001P2,5
40031012002P1,3
24004014012P5*,5
40005011006P7,5
28006011001P7,5
28006011014P1,4
28007018003P6,5
28007018005P9,5
11001011071P6,3
11001011004P7,4
26001012033P9,3
26001012010P9,4
26001012029P1,4
12001015003P3,5
12001015016P8,4
26041006003P4,5
22001018012P0,5
22001018013P7,5
22001018014P3,5
24009016021P6,3
24009016007P3,5
24009016028P0,4
23003014011P0,6
23003014018P4,5
30001013042P0,5
30001013019P8,4
30001013104P5,4
30001013016P9,4
30001013032P4,5
30001013053P1,5
52001016006P5,5
52001016047P3,5
51005018001P6,4
51005018014P0,3
52060004001P2,4
32004010008P4,5
32004010012P1,5
32004010001P0,6
32004010013P8,5
32004010016P7,5
32004010025P6,5
32004010002P6,7
32004010018P0,6
32004010009P0,5
32004010031P6,7
32004010010P9,5
32004010007P8,6
32004010011P5,5
32004010006P1,6
32004010014P4,7
32004010029P1,5
32004010022P7,5
32001010177P8,3
32001010073P8,5
51001012034P6,5
50001019002P4,5
50001019034P3,3
50001019016P5,4
24001031020P0,5
24001031021P6,4
24013020002P7,4
42003016010P7,4
42003016016P5,4
42003016017P1,5
42003016018P8,6
42003016043P2,4
42003016025P4,5
21001014007P4,5
21001014023P0,4
40001016031P6,7
40001016014P4,6
40001016015P0,5
51034000003P6,4
15002012001P5,5
15002012008P0,4
28022017001P5,5
28022017009P6,5
28022017003P8*,5
42001013037P0,6
42001013035P7,5
42001013048P1,6
23001011061P4,4
25003011015P0,4
25003011010P9,5
25003011003P2,6
25003011013P8,4
25003011018P0,6
25003011017P3,6
25003011002P6,5
25003011030P0,5
13001019004P2,5
31002013002P7,7
31002013011P6,5
31002013032P3,4
31002013018P0,4
31002013010P0,4
27001016049P5,5
41001010161P3,4
41001010041P8,6
33001014034P5,4
33001014051P7,4
32018010012P5,3
42002010047P5,4
42002010007P3,6
42002010052P9,5
42002010027P4,7
42002010008P0,6
42002010015P6,5
42002010009P6,5
16003012005P0,3
16003012016P1,4
16003012003P7,6
32006012015P0,5
32002017044P4,4
32002017002P0,7
32002017014P8,5
32002017041P5,4
32002017007P1,7
32002017015P4,5
32002017012P5,6
32002017005P9,7
32002017006P5,6
32002017016P0,7
32002017033P2,5
32002017008P8,5
32002017001P3,6
32002017004P2,7
32002017047P3,4
32002017003P6,7
32010010005P1,5
32010010002P2,5
53001010071P8,4
53001010046P3,5
53001010021P0,5
28005015005P6,4
50002015007P2,4
33004064039P3,5
33004064014P0,5
33004064034P1,6
33004064082P6,5
33004064038P7,5
33004099079P1,5
33004102071P2,6
33004102037P9,4
33004102029P6,5
33004102001P4,6
33004102070P6,6
33003017026P5,6
40014010003P3,4
40014010004P0,4
32011016013P7,3
32016018005P6,4
32014015001P8,4
40015017002P3,4
40015017001P7,5
40015017013P5,4
40028011003P0,5
25020013008P9,4
25020013004P3,4
33054010003P0,4
42009014001P6,4
33002061001P3,7
33002037008P1,5
33002037002P3,7
33002037004P6,7
33002037005P2,4
33002037006P9,7
33002037023P0,6
33002037001P7,7
33002037016P4,5
33002037003P0,6
33002037021P8,6
40006018043P6,4
40006018005P7,4
33150010001P3,5
52010015106P5,4
52010015101P3,4
52010015005P4,4
52010015102P0,5
29002001001P9,4
30004012073P1,4
32048017003P1,4
12002011012P9,3
40004015043P3,4
32004010026P2,4
42003016023P1,5
28022017007P3,4
31002013023P4,5
42002010048P1,5
32002017040P9,5
32002017036P1,2
51003015002P0,5
32016018002P7,4
42041015001P2,7
41006011003P7,5
42004012159P7,3
33010013011P0,4
51002019006P9,4
41002016158P5,4
28002016005P7,4
52012018009P2,3
52012018005P7,5
32025017004P5,4
51004011071P8,3
51004011002P6,5
15006018005P6¹,5
31004016045P0,4
23002018005P3,5
13003011002P2*,3
28006011012P9,4
28007018001P3,5
33144010018P7,5
11001011074P5,3
12001015041P2,3
12001015064P2,3
12001015007P9,4
26041006002P8,4
22001018040P4,6
22001018028P4,4
22033017001P7,4
24009016009P6,3
24009016070P7,3
23003014016P1,5
30001013031P8,5
31003010089P5,4
31003010091P0,3
41020014009P0,4
41020014004P9,5
52001016022P0,7
20001010051P0,4
20001010055P6,4
32001010075P0,5
51001012171P3,4
50001019032P0,4
50001019007P6,5
28049012001P3,3
15010015002P0,3
15010015003P7,5
15001016046P2,5
15001016161P6,4
24001015038P5,4
25001019060P3,5
42003016056P7,4
21001014004P5,4
40001016081P3,4
40001016029P1,4
51034000005P9,3
31001017145P6,5
23001011036P0,4
13001019001P3,4
27001016007P0,4
22001018074P6*,5
29007003005P6,4
29007003003P3*,4
41001010038P7,6
33001014047P0,5
33001014050P0,5
42002010164P1,4
16003012001P4,5
32012012171P8,4
32006012037P3,3
53001010108P9,5
53001010044P0,5
50002015008P9,5
50002015001P4,4
41015010001P0,5
40076016009P5,3
33004145083P2*,4
33004170001P6,4
50008013003P5,4
33003017082P2,5
40030016004P8,4
21014000039P9,4
51003015001P3,4
52006018001P5,5
32011016005P4,4
14001012158P2,4
32003013007P8,5
33009015087P2,5
42024013005P3,3
40015017023P0,4
40015017015P8,5
10001018017P9,4
33087016005P8,4
33021015012P5,3
41005015004P7,4
42014018001P6,5
33117012003P0,3
41016017001P6,5
33054010005P3,5
40022013005P5,4
25004018072P0,5
33002010145P8,7
33002010228P0,5
33002037020P1,7
40006018013P0,5
40006018178P9,4
40006018181P0,4
26006014002P8,4
15013014004P2,3
31040012005P0,4
52010015105P9,4
26002019001P6,4
29002001002P5,3
41012011002P7,4
32045018001P0,4
25009010001P1,3
23005017002P3,4
25017012001P7,3
15024016001P1,4
31005012158P6,4
31088015002P0,3
24009016026P8,2
32007019009P6,3
15001016076P9,4
15001016088P7,4
40001016057P5,3
31001017176P9,3
41001010157P6,3
33001014040P5,4
33004013069P2*,3
28048016001P7,4
32021011004P0,3
31021018156P1,5
31063012001P8,5
33021015009P4,3
31027016003P9,4
33002010229P7,5
31030017004P2,3
33045011001P2,4
31010016025P6,5
12002011009P8,5
52002012008P4,3
42005019029P2,6
40002012005P1,5
40004015001P9,6
31033016002P9,4
31004016001P3,5
31004016017P7,4
28001010089P3,4
42015014010P1,5
52001016056P2,5
32005016015P3,5
32001010068P4,7
32001010009P8,7
32001010054P3,7
32007019006P7,5
15001016032P1,7
24001015057P0,4
25001019079P6,5
25001019045P4,7
25001019037P1,5
40001016066P4,4
40001016006P1,5
42001013068P2,7
42001013010P4,7
31001017016P1,6
23001011170P8,5
41001010074P3,4
33001014012P1,6
32006012031P5,4
32006012006P0,6
32002017028P9,5
53001010045P7,5
53001010007P8,6
33004064080P3,6
33004064026P9,6
33004137046P4,5
33004153023P5,5
33003017033P1,6
33003017024P2,7
32011016040P4,4
33009015034P6,5
33009015071P9,5
42046017003P7,4
31021018016P5,4
25004018013P4,4
33002010188P9,5
33002010024P6,6
33002010156P0,5
33002010021P7,6
33002037022P4,3
33002029006P3,6
33002029005P7,6
40001016175P8*,4
40006018037P6,4
33045011002P9,3
15001016077P5,2
33002010245P2,4
31010016004P9,7
42004012008P9,5
33287015001P7*,5
33147019001P2*,5
22003010007P0,4
40002012175P4,4
40004015078P1,4
40004015071P7,4
40005011018P5,3
33144010007P5,5
22001018006P0,6
22001018082P9,5
22001018007P7,7
30001013049P4,4
30001013002P8,5
31003010096P1,5
31003010042P9,4
52001016005P9,5
32001010006P9,7
32001010007P5,7
32001010171P0,4
15010015004P3,4
15001016171P1,4
15001016044P0,5
25001019009P8,5
25001019097P4,4
42003016040P3,5
21001014013P4,4
40001016007P8,6
40001016003P2,7
40001016038P0,5
40001016072P4,4
42001013006P7,7
42001013009P6,5
42001013011P0,5
42001013105P5,5
31001017012P6,7
31001017015P5,6
31001017108P3,7
31001017105P4,7
31001017153P9,4
31001017087P6,7
23001011070P3,4
23001011020P6,4
23001011054P8,5
27001016031P9,4
41001010069P0,6
41001010024P6,5
41001010027P5,6
33001014037P4*,5
32018010043P8,3
42002010023P9,7
42002010032P8,5
32012012005P0,3
33003017051P0,5
33009015001P0,7
33009015002P7,6
31035019005P0*,4
40043010006P1,4
42046017002P0,5
22005013004P3,5
33002010172P5,6
33002010174P8,5
33002010017P0,7
33002029002P8,6
33002029003P4,7
33002029004P0,7
31010016013P8,4
31099017001P1,5
22001018052P2,4
32001010085P6,5
31001017179P8,4
31001017149P1,4
31001017144P0,4
31001017148P5,4
41001010076P6,5
31010016030P0,6
31010016001P0,7
10001018002P1*,4
13009001041P0,4
15012018001P7*,4
40002012016P3,5
15006018002P7,4
31004016018P3,4
12001015034P6,4
28001010025P5,5
28001010171P1,3
22001018042P7,6
31003010058P2,4
52001016053P3,5
32001010008P1,7
32001010010P6,7
50001019031P4,4
15001016040P4,6
42003016022P5,5
40001016044P0,5
31001017017P8,7
31001017147P9*,7
23001011073P2,4
27001016028P8,4
41001010035P8,5
32006012004P8,7
53001010094P8,4
53001010031P6,6
33004153074P9,5
33003017052P6,4
33009015003P3,6
33002010026P9,7
33002010022P3,7
33002010121P1,7
33002029026P4,7
32001010095P1,4
33002010254P1,3
42016010001P9,6
32029012001P1,6
52002012002P6,6
32008015019P8,5
33006016013P0,4
40003019017P6,6
31005012007P8,6
42005019012P2,5
33005010009P0,5
33005010033P8,5
15006018004P0,4
32005016004P1,5
24001015050P5,4
27001016046P6,3
33017018001P0,4
25002015004P2,4
25002015007P1,4
42016010002P5,4
40070018001P6,3
30014018001P2,4
41050002001P0,3
32008015020P6,3
33283010001P5*,4
31075010001P2*,4
25016016039P8*,4
32001010175P5*,5
40001016170P6*,4
31001017155P1*,5
31001017169P2*,4
23001011069P5*,4
42002010169P3*,4
41002016026P1*,3
33004129069P9*,4
33004137068P8*,4
33002045070P4*,5
31022014009P5,4
42004012022P1,4
22008012004P2,4
31007015009P3,4
32008015011P7,5
40003019004P1,5
31005012004P9,7
42005019016P8,7
41002016023P2,4
22003010018P1,4
28002016020P6,3
40002012033P5,4
40004015019P5,4
23002018002P4*,3
33144010008P1,4
11001011072P2,3
26001012035P1,4
12001015012P2,6
28001010095P3,6
22001018031P5,5
22001018173P4,3
24009016005P0,4
30001013007P0,5
31003010046P4,7
52001016027P2,5
32005016034P8,4
32004010027P9,4
20001010049P6*,4
20001010022P0,4
32001010004P6,7
51001012012P2,4
50001019179P1,3
32007019023P9,5
15001016047P9,6
24001015047P4,4
25001019004P6,7
42003016038P9,6
21001014031P2,4
40001016034P5,6
42001013004P4,7
31001017004P3,6
31001017110P8,4
23001011022P9,4
25003011032P2,4
27001016029P4,4
41001010025P2,6
33001014008P4,5
32018010044P4,4
42002010036P3,3
32006012017P2,5
32002017027P2,5
53001010054P6,6
33004153073P2,5
33003017005P8,7
33149011002P1,2
28013018005P5,2
32003013008P4,3
33009015079P0,4
22002014002P1,4
40015017173P2*,3
31021018009P9,5
42007011006P5,5
41005015010P7,4
25004018011P1,5
33002010176P0,5
33002010214P0,5
33002029052P5,3
33002045004P1,7
40006018171P4,3
40006018182P6,3
25019015001P0,3
30004012075P4,3
24007013002P9,4
33083010005P2,3
33011010015P6,3
33024014032P5,3
42008018038P0,3
20002017004P9,3
51001012038P1,3
15001016092P4,3
25001019062P6,4
23001011071P0,4
53001010098P3,4
42046017016P1,4
42009014011P1,4
40006018011P7,3
40006018025P8,4
33139016001P3,6
32053010003P1,4
31001017138P0,7
53019016005P4,3
32008015016P9,4
31005012029P1,5
42005019017P4,7
33005010021P0,5
33106010003P1,5
40002012048P2,4
40002012034P1,4
40005011015P6,5
31004016033P2,6
26001012171P2,4
12001015176P5,3
28001010041P0,4
28001010024P9,6
28001010093P0,4
22001018085P8,4
22001018063P4,5
30001013108P0,4
30001013057P7,5
31003010063P6,4
31003010172P0,4
31003010040P6,7
31003010088P9,5
52001016037P8,5
32005016019P9,5
20001010046P7,4
32001010028P2,6
32001010052P0,7
32001010172P6,5
51001012031P7,5
50001019175P6,4
32007019049P8,5
15001016158P5,5
15001016062P8,5
24001015049P7,5
24001015053P4,4
25001019077P3,5
25001019054P3,5
21001014026P9,4
40001016071P8,5
28022017012P7,4
42001013176P0,5
42001013062P4,6
42001013173P0,4
31001017064P6,7
23001011053P1,5
13001019040P9,4
27001016041P4,4
41001010052P0,5
41001010073P7,5
33001014052P3,5
33001014030P0,4
42002010031P1,6
16003012161P1,5
33017018004P9,4
53001010018P0,6
53001010019P6,6
33004056081P4,4
33004110043P4,7
33003017044P3,4
33063010004P6,5
10001018046P9,3
31021018008P2,5
33065012002P2,4
33002010195P5,5
33002010096P7,6
33002010212P7,5
33002010226P8,4
33301000001P0,4
31011012017P0,3
33024014033P1,3
31055010001P2,4
53003012010P8,5
41002016025P5,4
24004014071P1*,3
22033017002P3,4
22042008001P7,4
20001010182P8,3
20001010048P0,4
24001015068P1,4
31001017166P3,4
23001011080P9,4
27001016175P0,5
33001014077P6,3
32006012033P8,4
25002015008P8,4
42046017014P9,4
31021018018P8,4
31021018019P4,5
41004019006P3,3
33110018004P1,4
33002010248P1,4
42051010001P4,4
26006014003P4,3
15013014001P3,4
33105014001P2,4
32083017001P4,4
33177015001P8,2
33254010001P6,4
26017008001P4,3
33136017001P4,5
35110007001P2,3
32079010001P4,4
30010012001P7,5
33145016001P0,5
31011012015P7,5
32040016001P8,4
43002005001P9,4
33142017001P0,3
32053010002P5,4
41006011015P5,4
42004012027P3,4
35019000001P6,3
53019016001P9,5
33024014018P2,6
32008015005P7,6
33006016018P1,4
40003019006P4,6
31005012020P4,6
42005019023P4,5
42005019013P9,6
33005010019P5,5
53003012008P3,4
31019013002P3,4
42008018004P9,4
28003012007P6,4
53032012001P8,4
12008010002P5,4
40002012002P2,4
40031012001P5,5
31004016015P4,7
26001012018P0,4
12001015174P2,4
28001010015P0,6
22001018011P4,5
23003014073P5,4
30001013027P0,4
31003010080P8,5
31003010158P7,5
52001016041P5,4
52060004008P7,3
32005016036P0,4
20001010029P5,4
32001010027P6,7
51001012101P5,4
50001019025P4,4
32007019052P9,4
15001016003P1,6
24001015037P9,4
25001019029P9,5
42003016057P3,4
21001014083P2,4
40001016017P3,7
42001013042P3,7
31001017130P9,6
23001011034P7,4
27001016035P4,4
41001010011P1,6
42002010057P0,4
32006012027P8,4
32017014001P7,4
33032017009P2,5
15004015007P6,4
53001010017P3,7
31018017007P9,5
41015010008P4,4
33004072068P9,4
22012010001P0,4
52016013003P0,4
40036014001P7,5
25002015006P5,5
40030016001P9,5
53005015001P1,5
23009004003P0,4
40029018001P4,5
14001012162P0,3
33079013001P3,2
22002014003P8,6
42024013004P7,4
42021014005P4,4
33034010006P0,4
33092010011P1,4
40051013002P5,4
40028011001P8,4
24003018001P7,4
31021018015P9,4
33076014008P9,4
33087016003P5,4
33020019001P7,4
42020018002P9,6
42007011005P9,6
27002012005P4,4
41005015001P8,6
40066010001P2,4
33111014001P9,3
41016017006P8,4
41007018003P3,4
42009014013P4,4
42010012003P3,5
33002010119P7,7
33002029051P9,4
31030017006P5,4
35183004001P4,4
26038005001P4,2
53069005001P2,4
11015004001P0,3
52004015002P9,3
33145016002P6,5
41079000001P0,4
35016000001P3,3
53019016004P8,4
35133007001P5,4
53023013002P9,4
31005012159P2,4
40005011173P0,3
52001016107P6,4
15001016170P5,4
41001010158P2,4
53001010111P0,4
33082014006P2,4
25002015011P9,3
20009011042P2,3
41025016002P8,3
22002014008P0,4
42007011033P2,4
41005015012P0*,4
40022013009P0,3
31011012002P2,7
33014019002P7,7
42004012028P0,4
33129010003P4,5
31005012008P4,7
42005019027P0,5
33005010011P4,4
53003012004P8,5
40002012037P0,3
40004015007P7,4
40005011171P8,3
31004016032P6,4
23002018072P2,3
33144010171P0,4
26001012024P0,4
28001010010P8,4
22001018009P0,5
22001018015P0,4
30001013008P6,4
31003010022P8,6
52001016101P8,3
32005016016P0,6
20001010021P4,3
32001010013P5,7
50001019013P6,4
32007019050P6,4
15001016050P0,5
24001015027P3,5
25001019017P0,6
25001019083P3,4
42003016034P3,5
40001016024P0,5
42001013013P3,6
31001017025P0,7
23001011039P9,4
31002013158P7,3
27001016170P9*,4
41001010032P9,5
33001014035P1,4
42002010053P5,4
32006012009P0,5
32002017031P0,4
32002017009P4,5
53001010012P1,6
33004030080P0,4
33003017020P7,6
33003017071P0,5
32011016043P3,3
33009015090P3,4
40043010011P5,3
40015017029P9,3
22005013006P6,3
33002010036P4,7
33002037011P2,5
33002029037P6,5
53062000002P4,5
31011012010P5,5
33014019005P6,5
31034012002P5,4
53019016003P1,5
35133007002P1,3
33129010001P1,5
53012011001P4,4
33024014030P2,4
31032010006P1,3
53003012013P7,4
12001015177P1,3
22001018053P9,4
15001016162P2,4
24001015069P8,4
25001019087P9,5
40001016051P7,4
42001013085P4,4
27001016013P0,3
53001010058P1,5
32014015101P2,3
32020015003P7,4
41006011004P3,5
42004012021P5,4
42004012002P0,4
41012011003P3,4
52005011003P1,3
23005017001P7,5
52002012004P9,4
32008015006P3,4
33006016005P7,5
40003019007P0,6
31005012001P0,6
42005019001P0,6
33005010003P1,4
33005010002P5,4
33005010001P9,4
53003012001P9,4
51002019002P3,6
31019013001P7,4
42008018008P4,5
41002016015P0,5
12008010073P0,4
22003010010P0,6
22003010027P0,4
28002016015P2,4
52012018173P7,4
40002012015P7,5
40004015004P8,5
32025017001P6,4
51004011004P9,4
15006018001P0,4
40005011005P0,5
31004016006P5,7
31004016058P5,5
31004016051P0,4
23002018006P0,4
13003011003P9*,3
28006011013P5,4
11001011009P9,4
26001012011P5,4
12001015001P0,5
28001010001P9,6
22001018001P9,4
52059006002P4,4
24009016071P3,4
30001013001P1,6
31003010001P0,4
41020014002P6,4
52001016007P1,6
51005018005P1,5
52060004004P1,4
32005016007P0,5
20001010008P8,4
32001010001P7,7
51001012001P0,4
51001012026P3,5
51001012179P4,4
50001019001P8,5
32007019024P5,5
15010015005P0,4
15001016089P3,5
15001016035P0,5
15001016082P9,4
15001016166P8*,5
24001015001P4,4
25001019001P7,4
25001019084P0,5
42003016014P2,5
21001014001P6,5
40001016001P0,7
51034000002P0,4
42001013001P5,7
31001017001P4,5
23001011001P1,5
25003011038P0*,4
13001019041P5,3
31002013017P4,3
31002013020P5,4
27001016003P5,6
41001010015P7,4
33001014001P0,5
33001014043P4,3
33001014002P6,7
32018010004P2,4
42002010001P5,5
16003012013P2,4
32012012008P0,4
32006012003P1,5
32002017037P8,4
33017018007P8,3
53001010001P0,6
28005015001P0,4
28005015079P0,3
50002015005P0,4
31018017010P0,4
41015010002P6,4
33004030079P2,4
33004110040P5,7
33004129044P6,5
33004137064P2,5
33003017001P2,6
40014010009P1,4
33052018003P8,5
32011016015P0,4
14001012157P6,5
33009015083P7,5
42024013002P4,5
42021014001P9,5
52045005001P0,4
32014015103P5,4
33092010002P2,4
40015017020P1,4
40015017008P1,4
42046017015P5,4
41019016001P5,5
10001018011P0,4
31021018007P6,4
33020019004P6,4
42020018006P4,5
42007011003P6,6
33065012001P6,4
41008014002P3,5
27002012003P1,4
32036019001P4,4
41005015003P0,4
32073011001P2,4
41004019004P0,5
41016017004P5,5
41007018001P0,5
33054010002P4,5
42009014002P2,5
42010012008P5,5
33050015004P1,4
33002010001P6,5
33002029042P0,4
40020010002P3,5
33126011003P5,4
42044014004P0,3
42033012001P3,4
32048017002P5,4
33005010037P3,4
20002017042P8,4
51004011006P1,4
40031012071P3,4
24004014013P1,3
42045010002P4,4
28007018017P7,4
28001010091P8,3
22001018177P0,4
30001013107P4,5
41020014006P1,4
32005016031P9,3
32004010023P3,4
20001010053P3,3
20001010041P5,3
32001010097P4,3
24001015073P5,4
25001019175P5,3
40001016080P7,4
28022017010P4,3
23001011182P6,4
25003011029P1,3
33001014049P2,3
42002010159P8,4
16003012160P5,3
32006012174P0,3
32010010012P8,3
33125015002P2,4
53001010087P1,4
26004011002P5*,3
28005015012P2,4
28005015014P5,4
28005015011P6,3
33004030083P0,4
33082014004P0,3
42070007002P2,4
33003017172P1,4
33052018006P7,4
33092010012P8,4
40051013001P9,4
42046017008P9,4
10001018016P2,5
42007011027P2,4
33021015013P1,4
32036019005P0,4
25004018019P2,4
25004018070P8,4
22005013003P7,4
33110018003P5,5
33002010234P0,3
33005010024P9,4
53003012007P7,5
41002016004P8,5
41002016021P0,4
40002012042P4*,5
40002012029P8*,5
40031012072P0,4
15006018015P1,3
31004016066P8,5
28006011172P6*,3
26001012175P8*,3
12001015175P9,3
28001010176P3,3
22001018175P7,4
42015014008P7,4
30001013025P8,5
52001016110P7,4
32005016071P0,4
20001010043P8,4
32001010062P6,6
32001010040P2,6
32001010094P5,5
32001010178P4,3
51001012180P2,3
50001019035P0,4
15001016165P1,4
24001015082P4,3
24001015081P8*,4
25001019156P0,4
25001019072P1,4
25001019172P6,4
42003016026P0,5
21001014085P5,3
40001016047P0,6
42001013051P2,7
31001017178P1,3
31001017131P5,4
23001011060P8,4
23001011043P6,5
27001016042P0,4
41001010160P7,4
41001010039P3,7
41001010165P9,3
33001014016P7,7
33001014036P8,5
42002010054P1,4
42002010017P9,5
32012012007P3,4
32012012170P1*,4
32002017034P9*,5
32010010041P8,4
53001010107P2,4
53001010066P4,5
33004110045P7,5
33004137062P0*,6
33003017046P6,6
33052018005P0,5
52006018004P4,4
32011016042P7,4
33009015175P9,4
33009015026P3,4
33092010004P5,6
31063012002P4,4
25020013010P3,4
31025013002P0,4
25004018014P0*,6
25004018074P3,5
33072019002P5,5
33002010241P7,4
33002010194P9,6
33002010084P9,7
33002053009P9,6
33002029053P1,4
33002029045P9,6
40006018173P7,4
40020010001P7,5
33019010013P0,4
31096018002P9,4
40024016004P1,4
33002010253P5,4
33031010002P1,4
42004012009P5,5
52002012016P7,4
22003010012P3,5
40002012047P6,4
40004015024P9,6
15006018003P3*,4
31004016026P6,5
28006011007P5,4
26001012030P0,4
28001010014P3,6
22001018021P0,7
31003010067P1,4
41020014016P7,3
52001016023P7,5
32005016033P1,4
20001010025P0,4
32001010046P0,6
51001012176P5,4
51001012036P9,4
50001019015P9,4
15001016066P3,5
24001015016P1,5
25001019082P7,5
42003016030P8,5
21001014012P8,5
40001016045P7,5
42001013067P6,5
31001017060P0,6
23001011029P3,5
27001016048P9,4
41001010009P7,6
33001014028P5,5
32018010014P8,4
42002010035P7,5
42002010168P7,3
32012012004P4,5
53001010082P0,4
33004064085P5,4
33003017072P7,5
32011016006P0,4
33009015035P2,7
22011013003P3,4
40015017071P5,3
31021018001P8,4
33117012002P3,4
25004018015P7,4
22005013002P0,4
33002010120P5,6
33002010083P2,6
33002010186P6,7
33002010213P3,5
33002029027P0,7
33002029017P5,7
33002029016P9,5
53022017001P6,5
25046004001P0,3
33068011005P0,4
41002016166P8,5
12008010072P3,5
28002016013P0,4
40031012073P6*,3
28007018077P0,4
12001015173P6,4
42015014011P8,4
30001013048P8,5
31003010055P3,5
42039010004P0,5
24001015077P0,4
40001016073P0,5
23001011177P2,4
41001010079P5,5
41001010156P0,4
33004064081P0,5
22002014012P7,4
21005010001P5,2
31021018022P5,4
33002010231P1,4
33002029047P1,4
32020015004P3,5
22008012001P3,4
31007015010P1,5
33011010009P6,5
33006016014P6,4
31005012010P9,7
41002016157P9,5
28002016008P6,4
40002012027P5,4
40004015041P0,5
40004015027P8,4
31033016012P4,4
24004014005P9,4
40005011017P9*,4
31004016156P7,5
31004016034P9,4
29007003008P5*,3
26001012012P1,4
26001012019P6,4
28001010172P8,6
28001010076P9,4
22001018180P0,3
22001018010P8,7
22001018059P7,4
22001018036P7,6
52059006003P0,3
24009016002P1,5
30001013003P4,5
30001013012P3,4
31003010006P2,4
52001016102P4,4
52001016039P0,5
32005016106P9,5
32004010043P4,4
32001010071P5,4
32001010038P8,6
32001010086P2,4
32001010014P1,7
51001012010P0,4
50001019018P8,4
32007019011P0,6
32007019005P0,5
32007019013P3,4
15001016031P5,4
15001016091P8,4
24001015040P0,5
25001019040P2,6
25001019080P4,5
42003016048P4,5
40001016075P3,5
40001016049P2,4
40001016021P0,4
40001016173P5*,4
42001013014P0,5
42001013174P7,6
42001013015P6,5
31001017115P0,5
31001017171P7,5
31001017028P0,7
31001017038P5,6
23001011023P5,4
25003011036P8,5
27001016034P8,4
27001016174P4,4
27001016044P3,4
41001010033P5,7
41001010023P0,6
41001010088P4,4
33001014018P0,6
33001014015P0,4
42002010055P8,6
32006012019P5,5
32002017017P7,6
33032017011P7,4
53001010036P8,5
53001010032P2,4
53001010041P1,4
53001010030P0,4
33004056089P5,5
33004099084P5,4
33003017041P4,5
40043010008P4,4
22011013006P2,4
42046017004P3,4
42020018005P8,6
42007011018P3,5
25004018012P8,5
42009014004P5,4
33002010130P0,6
33002010190P3,4
33002010055P9,6
33002045016P0,5
33002045007P0,7
33002045013P0,6
33002045008P7,7
33002045009P3,4
40006018023P5,5
40006018174P3,4
40006018008P6,5
40006018030P1,4
40006018026P4,4
32053010005P4,2
31040012001P5,4
52010015107P1,4
42033012075P7,4
33083010001P7,4
31005012036P8,4
42008018014P4,4
31004016031P0,4
30001013036P0,4
51001012035P2,4
32007019017P9,4
32007019010P4,2
15001016090P1,4
15001016163P9,3
15001016069P2,3
31001017132P1,4
31001017134P4,3
16003012010P3,3
41009010002P0,4
32003013042P8,4
33072019005P4,5
33002010233P4,4
32020015007P2,4
32069014001P9,6
31058019002P4,3
33027013005P7,3
41006011009P5,4
42004012025P0,4
30004012001P0,4
31007015006P4,6
31007015007P0,4
31005012013P8,6
42005019025P7,7
42008018009P0,5
41002016001P9,4
40004015003P1,6
31033016005P8,5
40005011002P1,4
31004016049P6,3
31004016038P4,6
33144010023P0,3
26001012176P4,3
26001012022P7,4
28001010059P7*,5
22001018035P0,6
24009016014P0,7
24009016010P4,4
24009016004P4,4
30001013054P8,3
31003010032P3,5
31003010068P8,3
52001016069P7,4
32004010050P0,3
32001010018P7,5
32001010017P0,6
32001010044P8,5
32007019007P3*,3
32007019008P0,5
15001016168P0,4
15001016010P8,4
24001015076P4,3
25001019044P8,6
25001019020P1,6
40001016056P9,5
42001013016P2,6
42001013058P7,5
31001017008P9,5
31001017158P0,4
31001017037P9,7
31001017031P0,6
31001017033P3,5
31001017036P2,7
23001011011P7,4
23001011176P6,3
31002013160P1,3
31002013014P5,4
27001016015P3,4
27001016014P7,3
41001010028P1,7
33001014004P9,7
33001014006P1,6
41001028001P8,4
32018029001P9,3
32018010015P4,3
42002010038P6,6
32006012005P4,6
32002017049P6,3
41015010004P9,5
33003017034P8,7
25002015005P9,4
32011016041P0,4
32003013005P5*,4
33009015176P5,4
40015017006P9,5
27002012001P9,7
33002010048P2,5
33002010131P7,5
33002010053P6,7
33002010050P7,5
33002088001P4,4
33002088002P0,4
40006018179P5,3
40006018177P2,4
40006018033P0,3
32020015011P0,3
15008010002P0,4
42044014001P1,4
33083010004P6,3
32001010174P9,3
31001017136P7,3
33004030170P0,5
32003013009P0,4
42046017009P5,3
41024010002P5,3
32036019004P3,4
32020015010P3,3
31022014001P4,5
33027013003P4,3
42004012024P4,3
42004012004P3,4
21015007001P8,3
33084017003P6,3
31007015012P4,3
33011010013P3*,4
33011010008P0,5
33009015094P9*,4
52002012015P0,3
32008015004P0,4
40003019010P1,6
40003019005P8,4
31005012014P4,7
31005012012P1,7
31005012028P5,4
41002016019P5,4
40004015077P5,3
40004015038P0,3
31033016009P3,4
31004016044P4,4
33144010174P9,3
33144010011P2,4
12001015179P4,3
28001010062P8,5
28001010045P6,4
22001018054P5,4
52059006004P7,3
24009016025P1,3
30001013011P7,5
31003010019P7,4
31003010036P9,6
52001016113P6,3
23001011181P0*,3
32001010050P8,4
32001010016P4,5
51001012181P9,3
32007019053P5,3
32007019054P1,3
15001016018P9,4
15001016085P8,3
24001015072P9,4
24001015084P7,4
24001015010P3,4
25001019021P8,7
25001019090P0,4
25001019050P8,4
40001016070P1,4
40001016040P5,4
40001016030P0,3
42001013059P3,7
42001013046P9,6
31001017035P6,4
31001017030P4,5
31001017032P7,5
31001017102P5,6
23001011041P3,3
23001011021P2,2
23001011009P2,4
23001011074P9,3
41001010159P9,4
41001010051P3,5
41001010090P9,4
41001010006P8,5
33001014013P8,6
33001014039P7,4
33001014073P0,4
32018010006P5,4
42002010004P4,5
42002010165P8,3
32006012002P5,5
53001010053P0,7
53001010086P5,3
53001010052P3,4
33004056086P6,5
33004056080P8,5
33004080027P6,5
33004099082P2,5
33003017076P2,3
33003017022P0,5
33003025003P0,4
32003013004P9,3
32003013003P2,6
32003013002P6,5
33063010003P0,4
42020018004P1,4
42007011015P4,6
33002010052P0,5
33002010046P0,5
33002010049P9,5
33002045018P2,6
33002045011P8,6
40006018004P0,5
40006018031P8,4
40006018024P1,4
40006018003P4,5
33126011002P9,4
33011010012P7,3
42008018035P1,3
12001015009P1,3
28001010071P7,3
31003010098P4,4
31003010086P6,4
31003010087P2,4
52001016109P9,3
15001016075P2,3
15001016072P3,3
25001019065P5,4
40001016171P2,3
42001013089P0,4
33001014074P7,3
33004080052P0,4
33082014002P7,3
33087016001P2,4
33021015006P5,3
42009014008P0,3
31022014004P3,3
31022014007P2*,4
33027013002P8,4
22008012003P6,3
24007013001P2,3
31007015004P1,4
32057016001P4,5
33011010005P0,4
33024014017P6,4
31005012011P5,6
33106010005P4,4
33056013015P1,4
42006015009P8,4
41002016018P9,4
40002012171P9*,4
40002012024P6,3
31004016043P8,4
33144010015P8,4
33144010014P1,4
33144010004P6,4
12001015021P1,4
28001010037P3,5
22001018048P5,7
22001018032P1,4
22001018081P2,3
24009016003P8,7
23003014017P8,3
30001013004P0,4
31003010054P7,4
52001016018P3,4
32005016005P8,5
32004010020P4,4
20001010005P9,4
32001010015P8,6
51001012175P9,3
32007019056P4*,3
15001016004P8,6
24001015062P3,4
25001019088P5,3
25001019019P3,5
21001014078P9*,3
40001016043P4,4
42001013066P0,7
42001013078P8,5
31001017027P3,7
31001017029P6,6
23001011008P6,5
25003011076P0,3
27001016027P1,4
41001010065P4,6
41001010162P0,3
41001010005P1,6
33001014072P4,3
32018010007P1*,4
42002010003P8,7
32006012034P4,4
32006012001P9,4
33008019006P6,4
53001010083P6,4
53001010080P7,5
33004056087P2,4
33004099080P0,6
33004170002P2*,3
33003017021P3,6
32003013001P0,5
33009015172P0,3
40015017016P4,3
42046017018P4,3
33051011002P5,4
25004018018P6,4
33002010045P3,6
33002045006P4,4
33002045010P1,7
40006018022P9,3
40006018012P3,4
40006018009P2,4
40006018001P1,7
32020015012P6,2
41006011013P2,3
30004012070P2,3
41011015075P8,3
33056013013P9,4
12008010076P9,3
32007019051P2*,4
23001011068P9,2
53001010059P8,3
42007011031P0,3
40006018038P2,4
31022014005P0,6
31010016009P0,6
40037010002P0,4
42004012161P1,4
22008012006P5,4
50008013005P8*,4
33005010005P4,5
12008010005P4,5
28002016021P2,3
40002012025P2,7
40004015023P2,5
24004014017P7,4
24004014006P5²,4
40005011172P4,4
31004016063P9,4
23002018009P9,4
23002018071P6*,5
28006011010P6,4
28006011171P0,4
28007018018P3,5
33144010009P8,4
11001011073P9,3
26001012174P1,4
12001015171P3,4
12001015042P9,3
28001010040P4*,6
30001013055P4,4
30001013106P8,4
31003010174P2,4
31003010156P4,4
41020014012P1,4
52001016036P1,5
51005018175P4,3
32004010044P0,4
20001010039P0,3
51001012021P1,5
51001012022P8,4
42039010003P4,4
42039010006P3,5
17010004001P4,3
28049012005P9,3
32007019018P5,5
50001019028P3*,4
15001016033P8,6
25001019095P1,3
25001019069P0,5
42003016055P0,4
40001016068P7,5
40001016174P1,4
42001013098P9*,5
42001013091P4,7
42001013171P8,5
31001017106P0,7
31001017122P6,5
23001011077P8,5
25003011012P1,5
27001016025P9,4
27001016180P4*,4
41001010050P7,6
33001014070P1,4
42002010058P7,5
16003012157P4,4
32012012172P4,3
53001010106P6,5
28005015013P9,4
50002015101P9,4
40076016005P0,4
40076016002P0,5
33004056079P0,7
33004137031P7,7
33004153078P4*,5
33003017081P6,4
33003017092P8,4
33078017009P8,5
51003015003P6,3
32003013041P1,5
33009015068P8,4
33009015174P2,4
15025012072P2,4
40015017172P6,5
40015017027P6,4
10001018042P3,3
10001018040P0,3
42014018004P5,5
40024016005P8,3
33002010003P9,6
40006018028P7,4
15013014002P0,3
31049010001P6,4
32108010001P2,4
33068011007P3,3
25025015001P6,4
41006011010P3,5
42004012158P0,4
31048013001P6,3
31040012003P8,5
52010015108P8,3
12003018001P3,5
22011013005P6*,3
30004012002P7,5
30004012074P8*,4
30004012072P5,4
52005011002P5,4
31050018001P7,5
33084017002P0,4
42033012002P0,4
42008018015P0,5
41002016161P6,5
28002016017P5,4
52012018007P0,4
51004011070P1,4
51004011009P0,4
40031012070P7,5
15006018012P2,4
15006018009P1*,3
15006018008P5,3
15006018006P2,5
42045010004P7,3
31004016064P5,5
13003011001P6,5
11001011007P6,3
26001012027P9,3
26001012031P6,2
22001018061P1,3
42015014009P3,4
30001013044P2,2
31003010093P2,4
31003010085P0,4
31003010083P7,4
52001016060P0,4
52001016051P0,4
32005016027P1,4
32004010045P7,3
50001019174P0,3
50001019027P7,4
42039010001P1,4
32007019026P8,4
15001016159P1,4
15001016078P1,5
42003016042P6,4
28022017014P0,3
31001017126P1,3
31001017156P8,4
23001011172P0,3
23001011032P4,5
23001011063P7,4
31002013156P4,4
29007003004P0,4
33001014029P1,3
32006012032P1,4
32002017052P7,3
32010010046P0,3
33032017010P0,3
26004011001P9,4
28005015075P4,3
50002015157P4,3
33004056091P0,4
40014010011P6,4
23009004005P2,3
33078017002P3,4
33009015066P5,4
31067018001P3,5
31035019003P8,4
22016015001P2,3
33103011003P2,4
32021011005P6,2
42046017006P6,5
42014018002P2,5
42009014012P8,5
42010012006P2,4
33110018005P8,4
33002010237P0,3
33002088004P3,4
40006018006P3,4
40006018027P0,4
40006018041P3,4
40006018019P8,5
42041015009P3,4
31010016152P8,4
28002016018P1,3
40002012172P5,3
40004015022P6,5
40004015018P9,5
24004014014P8,4
26001012036P8,4
12001015033P0,3
28001010067P0,4
22001018072P3,4
30001013056P0,4
52001016072P8,3
52001016031P0,5
32005016032P5,4
32001010093P9,4
32001010055P0,6
32001010091P6,4
51001012030P0,4
28049012007P1,3
32007019014P0,5
15001016049P1,4
52001016062P2*,5
15001016086P4,3
23001011047P1*,5
24001015015P5,6
25001019027P6,4
25001019073P8,6
21001014022P3,4
40001016042P8,5
42001013023P9,7
31001017099P4,6
31001017143P3,4
23001011040P7,5
27001016019P9,4
42001013102P6*,4
41001010044P7,5
42002010029P7,5
32010010009P7,3
53001010085P9,5
28005015073P1,3
33004030081P7,7
33004030078P6,6
33003017091P1,4
40014010006P2*,4
32011016003P1,5
14001012005P1,3
33009015091P0,4
40015017021P8,3
42046017007P2,4
33065012003P9,4
41005015008P2,4
25020013003P7,3
33002010079P5,6
33002010081P0,5
33002010078P9,4
33002029041P3,6
33002029023P5,7
33002029039P9,6
30011019003P6,4
31010016023P3,5
40004015072P3,2
31003010082P0,4
15001016160P0,3
31001017154P5,4
52006018003P8,3
40028011004P7,4
32029012003P4,4
40003019015P3,7
31005012006P1,6
42005019004P0,7
33005010008P3,6
42008018011P5,5
22003010076P1,4
40002012045P3,5
40004015036P7,4
31004016016P0,6
33144010020P1,4
26001012172P9,4
28001010042P7,6
22001018037P3,5
30001013037P6,5
31003010081P4,5
41020014013P8,4
52001016011P9,5
32005016107P5,4
32004010048P6,4
20001010056P2,3
32001010012P9,7
50001019038P9,4
32007019012P7,4
15001016070P0,4
24001015005P0,3
25001019094P5,4
42003016031P4,5
21001014015P7,5
40001016039P7,6
42001013032P8,6
31001017022P1,6
31001017123P2,5
23001011030P1,4
31002013031P7,4
27001016039P0,5
41001010029P8,7
33001014010P9,4
32018010045P0,4
42002010002P1,6
16003012176P9,3
32006012024P9,5
53001010048P6,5
53001010109P5,5
33004110041P1,5
33003017066P7,7
25002015010P2,4
33009015072P5,5
40015017005P2,5
10001018043P0,4
42007011010P2,6
33002010031P2,7
22004017004P7,4
31022014008P9,4
42004012007P2,7
33010013008P0,5
33010013003P8,5
33010013005P0,7
31013015002P5,4
12002011011P2*,5
31004016023P7,5
31004016054P0,4
26001012005P5,4
12001015008P5,4
28001010007P7,4
28001010005P4,4
28001010073P0,4
22001018027P8,4
24009016001P5,4
31003010029P2,4
31003010004P0,7
52001016114P2,3
20001010042P1,4
32001010039P4,5
50001019011P3,3
32007019004P4,6
15001016016P6,4
15001016017P2,7
25001019052P0,4
25001019007P5,5
42003016019P4,4
40001016002P6,5
40001016028P5,5
42001013005P0,7
42001013052P9,5
31001017161P1,4
31001017011P0,5
31001017139P6,4
23001011056P0,4
23001011018P1,5
31002013159P3,3
27001016036P0,4
41001010164P2,3
41001010089P0,4
42002010040P0,5
32010010045P3,3
53001010075P3,5
53001010006P1,7
33004129043P0,6
33004137036P9,6
33003017038P3,6
33002010127P0,7
33002010016P3,7
33002010124P0,7
33002010219P1,7
41011015003P7,4
22003010070P3,4
31033016019P9,3
15001016080P6,3
42004012015P5,5
32008015003P4,5
31005012034P5,5
12008010077P5,3
22003010006P3,5
52012018012P3,4
40002012021P7,5
40004015012P0,5
20002017039P7,5
51004011072P4,3
15006018011P6,4
40005011010P4,5
31004016035P5,6
31004016062P2,5
23002018074P5,4
28006011170P3,4
11001011076P8,4
26001012038P0,4
12001015026P3,4
28001010032P1,5
22001018044P0,7
52059006010P7,4
30001013034P7,5
31003010095P5,4
31003010041P2,6
41020014014P4,5
52001016012P5,7
51005018004P5,6
52060004005P8,5
32005016035P4,5
20001010047P3,4
32001010037P1,6
51001012039P8,4
51001012027P0,4
50001019006P0,4
17010004006P6,3
15001016042P7,5
24001015042P2,5
25001019016P4,5
42003016047P8,4
21001014027P5,4
40001016035P1,6
51034000004P2,3
42001013065P3,5
31001017024P4,7
23001011180P3,5
23001011028P7,5
13001019006P5,4
31002013157P0,4
27001016001P2,5
41001010016P3,5
33001014071P8,5
32018010016P0,4
42002010025P1,6
16003012009P5,4
32006012070P0,4
32006012010P8,6
32002017051P0,4
53001010043P4,6
28005015074P8,5
50002015102P5,4
33004013068P6,4
33004129042P3,7
33004137004P0,6
33003017080P0,7
40014010005P6,5
32011016045P6,5
14001012161P3,4
15025012076P8,3
32014015011P3,4
40015017010P6,5
40015017018P7,4
10001018005P0,4
33002010034P1,6
33002010035P8,7
22004017003P0,4
21003017002P5,4
28002016016P9,4
23001011078P4,4
33004129047P5,4
31011012012P8,5
31010016006P1,6
52002012013P8,4
31005012024P0,6
42005019005P6,5
33005010010P8,5
41002016013P7,6
22003010075P5,3
28002016009P2,4
52012018013P0,4
40002012032P9,4
40004015025P5,5
40005011014P0,4
31004016024P3,5
31004016046P7,5
28007018076P3,3
26001012034P5,4
12001015023P4,5
28001010022P6,6
22001018033P8,5
24009016018P5,4
30001013017P5,6
31003010005P6,7
41020014008P4,4
52001016002P0,6
51005018002P2,5
32005016010P1,6
20001010024P3,5
32001010043P1,7
50001019005P3,5
32007019015P6,5
15001016043P3,6
24001015045P1,4
25001019015P8,5
42003016036P6,4
21001014009P7,4
40001016009P0,6
42001013043P0,7
31001017119P5,5
31001017023P8,7
23001011179P5,4
23001011038P2,4
25003011019P6,5
31002013019P7,6
27001016043P7,4
41001010004P5,5
32018010003P6,4
42002010051P2,5
32006012012P0,4
53001010011P5,5
28005015071P9,3
28005015070P2,4
28005015007P9,4
40076016007P2,4
33004072013P0,6
33003017019P9,7
40014010008P5,4
14001012159P9,4
33009015078P3,4
15025012073P9,4
40043010010P9,4
32014015008P2,4
40015017007P5,5
10001018045P2,3
31021018010P7,6
31025013003P6,4
42009014003P9,4
33002010033P5,5
33002010032P9,7
31011012009P7,5
42004012023P8,4
42008018016P7,4
52012018014P6,4
20002017008P4,5
52059006007P6,3
28022017011P0,4
16003012174P6,3
32002017048P0,3
25002015009P4,4
32011016014P3,3
33280010001P2¹,3
41004019002P8¹,3
31069010001P6¹,3
32020015002P0,5
32020015009P5,3
31022014006P6,5
31056016001P5,4
33029016002P0,5
42041015006P4,5
42041015004P1,5
31010016021P0,6
31010016150P5,5
31010016022P7,7
31010016007P8,6
42004012014P9,4
42004012162P8,3
31115004001P3,1
22008012005P9,4
22008012076P3,3
40034011075P8,3
41086007001P3,3
31007015011P8,5
31069010003P9,4
33010013002P1,5
31036015001P1,7
33024014009P3,7
33024014016P0,7
52002012006P1,4
33006016015P2,4
33006016017P5,5
40003019018P2,5
40003019020P7,5
40003019011P8,5
42005019021P1,7
33005010032P1,5
33141010001P4,5
28023013002P8,7
53003012009P0,5
51002019003P0,7
28003012004P7,5
28003012003P0,4
12008010070P0,5
22003010014P6,3
22003010026P4*,5
22003010072P6,4
28002016007P0,4
52012018008P6,4
52012018004P0,5
52012018174P3,4
52012018006P3,5
40004015040P4,4
40004015074P6*,5
20002017010P9,4
31033016013P0,5
31033016011P8,4
31033016010P1,4
15006018013P9,4
40002012041P8*,4
40005011170P1,5
40005011003P8,4
40005011013P3,4
31004016053P3,4
31004016021P4,6
31004016040P9,7
23002018008P2,4
28006011005P2,6
28006011015P8,5
28007018015P4,4
28007018016P0,4
21002010071P0,3
33144010010P6,5
33144010172P6,4
33144010005P2,4
33144010022P4,4
33144010006P9,7
33144010013P5,6
11001011006P0,4
12001015014P5,5
28001010049P1,5
28001010064P0*,5
28001010053P9,4
28001010048P5,4
28001010083P5,5
28001010056P8,4
28001010075P2,4
22001018088P7,3
22001018179P2,4
22001018087P0,4
52059006008P2,3
42015014015P3,4
23003014072P9,4
30001013047P1,5
31003010064P2,6
31003010079P0,6
31003010090P3,4
31003010072P5,4
31003010097P8,5
31003010044P1,5
41020014003P2,4
41020014007P8,4
41020014005P5,5
52001016032P6,5
52001016058P5,4
52001016057P9,4
51005018012P8,5
51005018006P8,4
51005018174P8,3
51005018170P2,5
52060004003P5,4
32005016029P4,4
32005016017P6,6
31142001001P0,4
20001010020P8,4
20001010006P5,4
20001010050P4,5
32001010179P0,4
32001010074P4,5
32001010077P3,6
32001010079P6,5
51001012178P8,4
51001012019P7,6
50001019102P9,4
50001019020P2,5
42039010002P8,6
17010004002P0,4
28049012003P6,3
32007019055P8,4
15010015070P6,4
15010015071P2,3
15001016027P8,5
15001016157P9,4
15001016164P5,3
15001016002P5,7
15001016156P2,4
15001016174P0,3
15001016067P0,5
24001015065P2,4
24001015055P7,7
25001019089P1,3
25001019092P2,5
42003016052P1,4
42003016027P7,5
42003016051P5,4
21001014011P1,3
40001016058P1,5
51034000001P3,3
42001013070P7,5
42001013071P3,6
42001013075P9,7
31001017121P0,4
31001017177P5*,4
31001017127P8,4
13001019042P1,3
13001019008P8,5
31002013022P8,5
31002013028P6,4
33309000002P3,3
33309000001P7,4
27001016045P0,4
27001016173P8,4
29007003007P9,4
29007003002P7,4
29007003006P2,3
41001010055P9,7
41001010037P0,6
41001010087P8,4
33001014022P7,5
33001014027P9,4
33001014075P3,4
33001014069P3,5
27001024001P8,4
32018010009P4,7
32018010041P5,3
42002010160P6,5
42002010158P1,5
42002010059P3,5
32006012173P4,4
32010010043P0,4
33008019008P9,4
15004015006P0,5
53001010063P5,4
53001010076P0,5
53001010088P8,6
53001010089P4,4
53001010095P4,5
53001010093P1,4
53001010096P0,5
20015011001P0*,3
26005018001P5,3
28005015009P1,4
28005015077P7,3
50002015006P6,4
41015010006P1,5
40076016001P4,4
33004056092P6,5
33004064083P2,5
33004137066P5,5
33004153068P9*,6
33004188001P8,5
33082014001P0,5
42070007001P6,5
50008013006P4,2
33003017086P8,5
33003017069P6,6
33003017049P5,5
33003017047P2,6
33003017096P3,4
33003025001P8,4
40014010010P0,4
40030016003P1,4
40030016002P5,5
20009011041P6,4
42037018002P5,4
33099014002P3,4
32011016012P0,4
14001012004P5,4
32003013011P5,4
33009015179P4,4
33009015070P2,5
15025012001P8,4
33093016003P1,5
31042015003P0,3
31035019004P4,4
42037018003P1*,5
42024013001P8,5
40043010012P1,4
40043010001P0,4
22011013002P7,4
22011013001P0,3
42021014006P0,5
42021014003P1,5
27011003001P9,5
33034010008P2,4
32014015004P7,7
32014015002P4,6
33092010016P3,4
40015017019P3,5
40015017022P4,5
40015017014P1,5
42046017013P2,3
41019016002P1,4
41019016003P8*,4
10001018044P6,3
10001018004P4,4
10001018049P8,3
31021018002P4,5
42020018007P0,5
32115016001P1,4
27002012002P5,6
33021015010P2,4
32009011003P0,4
25020013005P0,5
41004019003P4,5
41004019001P1,6
41016017003P9,5
41007018005P6,4
25004018008P0,5
25004018016P3,4
25004018075P0,4
42009014006P8,5
33072019004P8,5
33002010182P0,6
33002010210P4,4
33002010149P3,6
33002010185P0,5
33002010217P9,4
33002010244P6,5
33002010227P4,4
33002010134P6,5
33002010211P0,3
33002010218P5,4
33002010220P0,5
33002037024P7*,4
40006018002P8,6
40006018034P7,4
40006018183P2,3
31030017003P6,3
33300003001P0,5
31066011001P7,3
31129005001P0,3
33029016001P4,5
42041015007P0,5
31010016020P4,4
31010016149P7,5
31010016016P7,5
15021017001P2,4
31163009001P0,4
31040012002P1,4
28010019065P9,4
30004012071P9,3
52005011004P8,4
15008010001P3,4
42044014002P8,4
42044014003P4*,3
31068014001P0,6
31076017001P9,4
40033015001P8,4
33005010034P4,4
28023013001P1,5
33056013014P5,4
53003012006P0,4
31019013004P6,3
12008010007P7,4
22003010023P5,4
42045010001P8,4
13003011004P5,3
31102000001P6*,4
28001010055P1,4
28001010085P8,3
22001018049P1,3
22001018055P1,3
52059006006P0,3
31003010071P9,4
31003010045P8,5
32004010030P0,4
32004010028P5,3
20001010023P7,3
51001012025P7,4
15001016059P7,5
15001016065P7,5
25001019055P0,3
21001014077P2,3
31001017159P7,4
23001011079P0,4
23001011066P6,4
23001011175P0,4
23001011174P3,4
13001019007P1,4
31002013024P0,3
42002010049P8,3
42002010033P4,3
42002010056P4,5
16003012007P2,4
16003012014P9,5
16003012015P5*,5
32012012006P7,4
32010010011P1,4
32010010007P4,4
32010010013P4,3
33008019007P2,3
15004015008P2,3
33125015001P6,4
53001010115P5,3
53001010114P9,3
53001010113P2,4
28005015072P5,4
33004072069P5,4
31092012001P7,4
42037018001P9,4
28013018062P9,4
14001012163P6,3
33009015177P1,4
15025012074P5,3
40079015001P3,3
42021014004P8,4
32014015104P1*,3
32014015003P0,5
32014015010P7,4
40015017072P1,4
10001018039P2,4
33065012004P5,4
41005015007P6,4
41005015006P0,4
25020013042P2*,4
25020013040P0,3
25020013011P0,3
30015014002P5,2
41016017005P1,5
31017010005P0,4
40006018018P1,4
40006018170P8,3
40006018180P3,4
30011019006P5,4
32020015006P6,5
42004012010P3,5
33024014015P3,7
52002012010P9,4
32008015001P1,6
31005012037P4,6
31005012038P0,6
42005019009P1,7
33005010022P6,4
33005010023P2,5
33005010029P0,5
42008018005P5,4
12008010039P6,5
22003010008P6,5
28002016012P3,5
28002016003P4,4
52012018011P7,4
40002012022P3,5
40002012012P8,4
40004015014P3,6
20002017040P5,4
51004011005P5,4
24004014004P2,4
40005011012P7,4
31004016009P4,6
31004016160P4,4
31004016163P3,5
23002018073P9,4
23002018004P7,5
28006011008P1,3
28006011011P2,5
28007018009P4,5
21002010001P2,4
11001011003P0,5
26001012001P0,5
12001015037P5,3
28001010078P1,5
28001010079P8,5
22001018083P5,5
22001018018P9,5
22001018024P9,5
52059006005P3,5
24009016015P6,5
30001013013P0,5
30001013022P9,5
31003010073P1,7
31003010074P8,7
41020014001P0,5
52001016004P2,6
51005018007P4,4
32005016020P7,5
32005016022P0,6
32004010047P0,4
20001010052P7,4
20001010032P6,4
32001010057P2,6
32001010056P6,6
51001012020P5,5
51001012011P6,5
50001019008P2,5
17010004005P0,5
32007019021P6,4
15010015074P1,3
15001016175P7,3
15001016008P3,5
24001015051P1,4
24001015048P0,6
25001019032P0,6
42003016039P5,5
21001014008P0,4
40001016016P7,7
42001013031P1,7
31001017085P3,6
31001017071P2,6
31001017069P8,4
31001017070P6,5
31001017086P0,4
31001017067P5,6
23001011013P0,4
25003011075P3,4
13001019005P9,5
31002013161P8,3
27001016021P3,5
41001010053P6,5
41001010012P8,4
41001010014P0,6
41001010013P4,4
33001014041P1,4
33001014021P0,5
32018010002P0,4
42002010014P0,5
16003012159P7,4
32006012007P7,6
32006012022P6,4
32002017038P4,4
53001010091P9,4
53001010023P3,5
53001010078P2,4
53001010022P7,5
28005015008P5,5
28005015003P3,5
28005015078P3,3
28005015080P8,3
50002015004P3,4
50002015156P8,4
50002015003P7,4
33004030016P0,5
33004030009P4,7
33004048019P1,5
33004153069P5,7
33004153015P2,5
40035018001P0,4
33003017030P2,7
33003017043P7,6
33003017031P9,7
25002015003P6,5
40014010007P9,5
14001012160P7,3
33009015089P5,4
15025012070P0,4
33093016005P4,3
40043010005P5,4
22011013004P0,3
22011030001P5,3
32014015007P6,4
40015017003P0,5
10001018010P4,4
42020018003P5,5
41008014001P7,5
33021015007P1,4
42009014005P1,5
22005013005P0,3
33002010109P1,5
33002010107P9,5
33002010168P8,5
33002010106P2,5
33002010105P6,4
33002010113P9,5
33002010175P4,4
33002010104P0,5
33002010111P6,5
33002010112P2,6
33002010108P5,6
33002010103P3,7
33002010110P0,6
40006018035P3,3
40006018036P0,4
31047017001P0,4
40002012050P7,4
21018006001P7,4
15006018010P0,3
24001015066P9,4
31001017167P0,4
42046017010P3,4
31011012013P4,5
31008011001P9,7
31005012003P2,7
40002012030P6,4
40004015013P7,5
33144010002P3,4
26001012015P0,5
12001015015P1,4
28001010178P6,4
28001010003P1,4
28001010081P2,4
22001018003P1,7
24009016012P7,4
24001015058P6*,5
30001013023P5,4
31003010003P3,6
52001016001P3,5
32005016030P2,4
20001010019P0,4
32001010053P7,6
32001010003P0,7
15001016061P1*,5
15001016041P0,4
24001015035P6,5
25001019048P3,5
25001019003P0,5
21001014021P7,5
40001016041P1,5
42001013177P6,4
42001013003P8,5
42001013063P0,4
31001017005P0,5
31001017003P7,7
23001011042P0,3
27001016177P3,4
41001010001P6,6
33001014045P7*,5
33001014007P8,5
42002010034P0,4
32006012023P2,4
32002017035P5,4
53001010074P7,3
53001010003P2,6
33004129046P9,4
33004153071P0,5
33003017006P4,5
33003017003P5,7
33003017004P1,5
32003013012P1,4
33009015092P6,4
33002010005P1,6
33002010006P8,7
33002010007P4,5
33002029056P0,4
33002045003P5,7
33004137065P9,4
33003017085P1,4
33002010223P9,4
33002045021P3,5
31022014003P7,5
20003013001P6,4
33024014031P9,6
33005010047P9,3
42008018006P1,7
28007018012P5,3
26001012028P5,4
12001015035P2,4
22001018034P4,5
52059006001P8,4
23003014051P1,3
20001010031P0,5
51001012170P7,5
50001019026P0,4
28049012006P5,3
32007019025P1,4
24001015061P7,6
25001019053P7,5
42003016041P0,6
21001014024P6,7
40001016033P9,5
42001013056P4,6
23001011026P4,7
25003011074P7,4
41001010031P2,7
33001014032P2,5
41001028002P4,4
32018010001P3,6
32012012009P6,3
53001010084P2,3
33004056083P7,6
33004099083P9,6
40014010043P5,4
33009015080P8,4
42046017017P8,4
25020013001P4,4
33002010239P2,5
33002045017P6,6
40006018175P0,4
42041015003P5,5
28010019066P5,4
21003017001P9,3
31088015001P3,4
31067018002P0,4
33051011010P8,5
33073015001P5,6
28008014002P6,5
33031010001P5,5
32034016001P1,4
33019010010P1,6
33068011006P7,5
31010016008P4,6
33112010001P5,4
33026017001P5,4
23027002001P8,3
33158010001P0,6
33038015007P8*,4
42018013002P8,5
33160015002P8,5
31061010001P9,6
40003019013P0,6
42005019014P5,6
32058020001P6,5
42006015004P6,5
42008018034P5,4
40002012046P0,7
31004016036P1,5
31004016029P5,5
26001012173P5,4
28001010072P3,5
28001010012P0,6
22001018174P0,4
22001018047P9,5
22001018178P6,4
42015014006P4,6
42015014004P1,5
22042008003P0,4
31003010021P1,5
31003010048P7,5
32005016014P7,5
20001010009P4,5
32001010065P5,5
32001010088P5,6
50001019009P9,5
15010015073P5,3
15001016071P7,5
40001016012P1,5
42001013017P9,6
42001013018P5,5
42001013060P1,6
42001013020P0,5
42001013039P2,7
31001017048P0,6
31001017041P6,4
31001017044P5,5
27001016047P2,4
27001016009P3,7
41001010070P8,4
32006012008P3,7
32010010048P2,5
53001010051P7,6
53029011002P7,5
41015010003P2,7
33004064020P0,5
33003017023P6,6
33003017065P0,5
33003017174P4,3
33003017078P5,6
33078017011P2,5
33009015012P2,4
33009015007P9,5
33009015011P6,5
33009015016P8,6
33009015020P5,6
33009015069P4,6
33009015045P8,5
22002014007P3,4
33092010010P5,5
40015017171P0,4
42014018171P9,4
25004018009P7,5
33050015007P0,7
33002010202P1,5
33002010125P7,7
33002010118P0,6
33002010171P9,6
33002010062P5,6
33002010060P2,5
33002010117P4,7
33002010154P7,5
33002029010P0,6
33002029044P2,5
33073015002P1,4
28025016002P0,3
33158010002P7*,5
42023017002P8,4
25005014003P5,4
25005014004P1,3
31073018001P0,4
12008010071P7*,5
24004014016P0,4
31004016065P1,5
51020009001P2,3
15001016167P4,4
32006012030P9,4
32002017050P4,5
33004064088P4,5
33003017171P5,5
33003017098P6,2
33003017170P9,4
33002010250P6,4
33002010251P2,4
33002029049P4,4
33002029043P6,3
33002029055P4,4
33002029050P2,3
33335001001P7,5
31010016003P2,6
31010016029P1,4
28025016001P4,6
32067011001P6,6
40037010001P3,6
42004012012P6,6
25005014001P2,5
42005019020P5,7
33115010001P8,3
12008010008P3,4
12008010001P9,7
40002012170P2,5
40002012026P9,7
40004015021P0,5
23002018007P6,4
28007018075P7,4
11001011070P0,3
26001012023P3,5
28001010011P4*,6
22001018079P8,3
22001018019P5,4
22033017003P0,3
42015014002P9,5
42015014013P0,3
30001013010P0,5
31003010025P7,4
31003010017P4,3
41020014015P0,4
52001016034P9,4
52001016003P6,6
51005018009P7,5
32004010041P1,4
20001010014P8,5
32001010035P9,4
32001010023P0,7
32001010019P3,5
51001012024P0,6
42039010005P7,4
15001016015P0,4
25001019024P7,4
25001019043P1,4
25001019026P0,4
25001019174P9,3
40001016013P8,4
42001013073P6,7
42001013050P6,5
31001017040P0,4
31001017049P7,4
31001017057P0,4
31001017056P3,5
31001017173P0,4
23001011031P8,7
32018010008P8,5
32012012001P5,4
32012012003P8,4
53001010047P0,6
53001010015P0,5
33004064065P4,5
33004064056P5,6
33003017054P9,5
32011016007P7,3
33009015031P7,4
33009015030P0,7
33009015015P1,4
33009015029P2,4
33009015017P4,6
33009015006P2,2
33009015019P7,5
33009015033P0,7
33009015032P3,4
33092010013P4,6
22021019001P2,3
31021018006P0,4
33076014004P3,4
41008014004P6,6
33054010007P6,4
33002010061P9,5
33002010177P7,4
33002010068P3,5
33002010072P0,4
33002010069P0,6
33002010056P5,5
33002010073P7,7
33002010133P0,5
33002029022P9,6
33002029012P3,6
33002029007P0,5
33002029015P2,5
33002029029P3,5
28008014004P9,4
31010016026P2,5
42023017001P1,4
41011015002P0,4
33104018005P1,4
31004016158P0,3
31004016059P1,2
22001018086P4,1
31003010076P0,3
28049012004P2,4
15001016064P0,4
33004064089P0,5
32016018004P0,4
33103011002P6,4
31021018021P9,3
33019010003P5,4
40009017001P0,4
33119015003P2,3
31004016050P4,4
22001018023P2,4
32001010069P0,6
32001010022P4,4
25001019023P0,3
40001016018P0,4
40001016084P2,4
42001013106P1,4
42001013054P1,4
31001017128P4,4
23001011183P2,3
33004064076P6,5
33004064006P8,5
33004064077P2,6
33003017063P8,5
33003017062P1,7
33009015009P1,5
33009015038P1,5
33009015014P5,4
33009015013P9,4
33009015018P0,5
33009015021P1,5
33009015024P0,6
33002010132P3,4
33002010115P1,6
33002010222P2,7
33002010161P3,5
33002010064P8,6
33002010122P8,6
33002010070P8,6
33002010129P2,5
33002029014P6,4
33002029009P2,7
33002029008P6,4
33002029038P2,6
22003010073P2,2
40004015075P2,4
15006018007P9,5
12001015065P9,4
21001014076P6,2
23009004001P7,5
33009015173P6,3
33009015093P2,4
33009015082P0,4
31021018012P0,3
32073011003P5,5
31027016004P5,5
33002010252P9,3
42041015010P1,4
43043003001P2,4
40003019016P0,5
41002016008P3,5
22003010001P1,7
40002012009P7,7
40004015070P0,4
20002017002P6,5
31033016020P7,3
28007018007P1,5
11001011008P2,4
26001012170P6,4
26041006004P0,4
28001010036P7,5
24009016011P0,5
23003014013P2,6
30001013033P0,4
31003010015P1,5
31003010024P0,5
41020014011P5,4
52001016014P8,5
52060004002P9,4
32004010015P0,4
32001010042P5,7
51001012040P6,4
50001019017P1,4
17010004003P7,4
15010015076P4,3
15001016057P4,4
24001031025P1,4
42003016008P2,6
21001014080P3,4
40001016077P6,4
40001016023P3,6
15001059001P0*,4
15002012006P7,4
42001013030P5,7
42001013099P5,2
25003011022P7,7
25003011005P5,5
31002013003P3,6
31002013016P8,4
41001052001P4,4
42002010011P0,7
32006012014P3,5
32002017022P0,7
53001010067P0,6
53001010070P1,4
33004021075P8,4
33004064090P9,5
33004064086P1,6
33004064022P3,7
33004102072P9,6
50008013002P9,4
40014010042P9,4
32016018003P3,3
33093016006P0,4
33103011004P9,3
33063010005P2,4
42046017005P0,4
40028011002P4,4
33076014005P0,4
32036019003P7,4
25020013006P6,5
41007018007P9,4
33054010004P7,5
40024016003P5,4
42009014009P7,5
33002010099P6,6
33002010238P6,6
33002010155P3,4
33002010150P1,5
33002010123P4,7
33002010057P1,6
33002010047P6,5
30011019002P0,4
31010016148P0,4
41012011001P0,5
32043015001P7,3
42008018036P8,4
40002012049P9,5
20002017005P5,5
42001013157P5,4
25003011073P0,4
33034010009P9,4
31027016005P1,4
33002010235P7,4
22003010022P9,4
31004016052P7,5
26001012020P4,5
28001010047P9,4
42015014014P7,4
30001013103P9,4
31003010171P3,4
52001016044P4,4
51005018173P1,3
32004010040P5,4
32001010099P7,4
50001019019P4,4
32007019022P2,5
24001015041P6,6
25001019028P2,4
25001019093P9,4
42003016035P0,4
40001016074P7,4
42001013172P4,4
31001017084P7,6
23001011075P5,5
27001016172P1,4
41001010049P9,4
32002017024P3,7
32010010047P6,3
53001010049P2,5
33003025002P4,6
32011016046P2,3
33009015041P2,5
33002029054P8,4
33028010005P7,3
31001017151P6,3
31021018158P4,3
42007011026P6,4
42051010005P0,4
42051010007P2*,4
33119015002P6,5
32008015009P2,5
40003019009P3,5
42005019022P8,5
40004015029P0,4
24004014010P2,4
40005011004P4,6
31004016008P8,5
12001015040P6,4
28001010029P0,5
22001018046P2,6
30001013109P7,4
31003010053P0,5
31003010094P9,4
52001016025P0,5
32005016018P2,4
20001010017P7,6
32001010025P3,7
15001016039P6,5
24001015034P0,5
25001019058P9,4
42003016001P8,7
21001014028P1,4
40001016065P8,4
42001013053P5,7
31001017059P2,5
23001011005P7,5
27001016040P8,3
41001010008P0,5
42002010042P3,6
32006012016P6,6
32010010006P8,4
33032017004P0,5
53001010110P3,4
31018017012P2,3
33004021073P5,6
33004021011P0,5
33004021074P1,4
33004030010P2,5
33004030059P1,7
33004145070P8,6
50008013004P1,4
50008013001P2,4
33003033001P3,5
33003033008P8,7
33003033009P4,7
33003033004P2,6
33003033003P6,7
33003033005P9,5
20009011040P0,4
20009011001P4,4
23009004004P6,4
33078017001P7,5
51003015004P2,4
52006018002P1,3
32011016009P0,4
31042015004P7,3
31035019001P5,4
40015017025P3,3
33063010002P3,5
33076014001P4,4
33021015001P3,4
32036019002P0,4
33117012001P7,6
40022013007P8,4
25004018006P8,5
42009014007P4,5
33002010077P2,6
33002010138P1,4
33002010141P2,6
33002053010P7,6
33002029048P8,5
33002029035P3,7
33002029034P7,5
33002029019P8,5
33002029032P4,6
40020010006P9,3
31030017007P1,4
26006014001P1,4
15013014003P6,4
23022000001P6,4
33114013001P8,4
33119015001P0,5
40041018001P7,5
32001010096P8,5
31001017152P2,5
33004145082P6,2
33082014003P3,4
33003033010P2,5
22002014010P4,3
40038017001P0,2
33117012004P6,3
31022014010P3,4
31045014001P7,5
42057019001P2,4
41006011006P6,5
52002012007P8,4
40003019014P7,7
31032010007P8,5
28003012002P4,4
41002016016P6,5
20002017003P2,4
51004011010P9,3
24004014008P8,4
23002018070P0,4
33144010012P9,6
31003010170P7,4
52001016115P9,3
32001010034P2,7
32001010100P5*,4
17010004004P3,4
25001019030P7,5
40001016104P3,4
42001013026P8,6
42001021001P0,4
31001017065P2,6
23001011058P3,5
23001011055P4,5
31002013026P3,4
32018010046P7,4
16003012004P3,6
15004015004P7,4
41009010001P3,4
33003017061P5,6
33003025004P7,4
28013018001P0,5
14001012001P6,4
15025012075P1,4
42024013003P0,5
40043010004P9,4
33092010017P0,5
40015017004P6,6
42020018001P2,7
33021015011P9,4
33051011003P1,5
40006018010P0,5
32025017006P8,3
16003012017P8,4
52016013001P7,4
33021015008P8,3
40006018017P5,5
42051010006P6,4
33031010003P8,4
42041015012P4,4
42004012160P5,4
52002012001P0,4
32008015012P3,5
33006016002P8,5
31005012009P0,6
42005019006P2,7
33005010014P3,4
33005010013P7,4
33005010026P1,4
53003012002P5,5
51002019004P6,4
31019013003P0,3
40002012028P1,5
40002012173P1,4
40004015028P4,4
24004014018P3,4
31004016027P2,4
31004016013P1,5
26001012032P2,5
12001015036P9,4
28001010044P0,6
22001018043P3,5
42015014012P4,4
22042008004P6,4
30001013006P3,6
30001013028P7,4
31003010043P5,4
52001016071P1,4
51005018101P0,3
32005016025P9,5
20001010027P2,3
32001010041P9,4
32001010173P2,5
51001012032P3,4
50001019171P0,4
15001016084P1,5
15001016045P6,4
15001016009P0,6
24001015067P5,5
24001015063P0,5
25001019066P1,5
40001016067P0,5
42001013107P8,4
42001013047P5,7
42001013064P7,5
31001017098P8,5
31001017101P9,4
31001017097P1,5
23001011003P4,7
23001011025P8,5
31002013027P0,4
27001016022P0,4
41001010036P4,5
33001014031P6,7
32018010005P9,5
42002010046P9,5
32012012070P7,4
32006012021P0,4
33017018002P6,4
53001010068P7,5
53001010064P1,5
53001010062P9,5
53001010065P8,7
33004048021P6,4
33004056085P0,5
25002015001P3,4
53005015002P8,4
33079013002P0,2
22002014005P0,5
10001018009P6,4
25020013009P5,4
31025013004P2,5
33050015005P8,7
33002010162P0,4
33002010037P0,7
33002010039P3,4
33002010038P7,5
33002010040P1,4
33002029020P6,7
33002029030P1,6
40020010004P6,4
28008014005P5,4
25025015002P2,4
33278016001P1,5
42008018037P4,4
31004016159P6,2
28001010173P4,4
22001018176P3,5
24001015085P3,3
31001017165P7,5
33063010007P5,3
33020019006P9,4
42020018009P3,5
41005015013P6,4
23004010005P6,3
25004018071P4,3
41006011005P0,5
42004012016P1,5
20003013002P2,4
31007015003P5,5
31005012005P5,5
41002016162P2,4
52012018001P1,4
51005018172P5*,4
40002012018P6,5
40002012039P3*,3
40004015002P5,5
24004014070P5,4
40005011009P6,4
31004016037P8,4
28006011003P0,4
28007018019P0,4
21002010070P4,4
33144010003P0,6
26001012003P2,5
12001015002P7,4
28001010004P8,6
22001018004P8,6
52059006009P9,3
30001013021P2,5
31003010027P0,6
52001016019P0,6
51005018010P5,4
52060004006P4,3
32005016009P3,6
20001010004P2,4
20001010054P0*,4
32001010005P2,7
51001012007P9,5
50001019029P0,4
28049012002P0,3
32007019029P7,4
15001016007P7,5
24001015030P4,6
25001019036P5,6
42003016028P3,5
21001014003P9,5
40001016026P2,7
42001013040P0,7
31001017006P6,7
31001017009P5,4
23001011012P3,6
25003011020P4,4
31002013001P0,4
27001016010P1,6
41001010022P3,7
33001014005P5,7
42002010012P7,7
16003012171P7,4
32006012011P4,6
32010010004P5,4
53001010005P5,4
28005015004P0,4
33004030072P8,7
33004153077P8,6
33003017007P0,7
40014010002P7,4
32011016004P8,5
32005016039P0*,5
33009015075P4,5
15025012071P6,4
33093016004P8,5
40015017170P3,4
33002010191P0,7
33002029031P8,7
33002045020P7,7
40006018032P4,4
40006018020P6,4
50005014002P0,3
28023013066P6,4
33001014024P0,4
33002010225P1,4
33019010014P7,4
31001017141P0*,4
31010016019P6,7
31010016031P6,6
31010016005P5,6
31010016002P6,6
31010016015P0,5
25007017001P5,5
13009001040P4,4
13009001042P7*,4
42004012026P7,4
15012018002P3,4
12008010074P6,3
22003010004P0,4
28002016004P0,5
40002012008P0,4
24004014009P4,3
31004016004P2,7
11001011005P3,4
28001010013P7,7
28001010170P5,5
28001010060P5,4
22001018073P0*,3
22001018025P5,5
30001013018P1,5
31003010061P3,4
32005016021P3,4
20001010015P4,5
32001010045P4,7
50001019010P7,4
15001016079P8,2
24001015083P0,3
25001019074P4,4
42003016011P3,7
21001014075P0,3
40001016103P7,4
42001013074P2,6
42001013104P9,4
31001017111P4,5
23001011171P4,4
23001011033P0,5
41001010040P1,6
53001010090P2,5
33004064078P9,5
33003017058P4,5
33009015067P1,6
22002014004P4,4
33020019005P2,3
42007011012P5,4
33002010242P3,6
33002010199P0,7
33002010066P0,7
33002010236P3,5
33002010067P7,6
33002029011P7,4
33303002001P9*,4
43001009001P2,4
33019010012P4,5
31010016024P0,5
31010016014P4,5
31010016027P9*,5
31010016012P1,5
31010016151P1,4
53044002001P7,5
25007017002P1,5
41006011012P6,4
25005014002P9,4
31073018002P6,5
31061010002P5,4
33115028001P0,3
42006015008P1,4
22003010071P0,4
28002016014P6,4
31004016042P1,4
28001010051P6,5
30001013110P5,3
52001016046P7,4
32001010176P1,4
32001010090P0,4
51001012037P5,4
28022017016P2,4
42001013103P2,4
31001017163P4,4
23001011072P6,3
23001011178P9,4
27001016179P6,3
41001010084P9,2
33001014038P0,4
32006012073P0,2
32010010008P0,3
53001010092P5,5
28005015076P0,4
31018017011P6,4
41015010007P8,4
33003017090P5,5
20009011003P7,3
33002010246P9,5
33002029046P5,4
30013011001P6,4
52002012011P5,4
31005012021P0,7
33005010020P3,6
42006015005P2,5
22003010025P8,4
40002012020P0,4
24004014015P4,4
31004016028P9,7
23002018010P7,4
26001012016P7,4
12001015027P0,5
28001010175P7,4
30001013020P6,6
31003010049P3,6
31003010084P3,4
32005016013P0,5
20001010003P6,7
50001019023P1,4
15001016036P7,6
24001015019P0,5
25001019031P3,7
21001014005P1,5
28022017015P6,3
42001013158P1,5
31001017066P9,6
23001011027P0,5
27001016037P7,4
41001010047P6,6
16003012175P2,3
32002017019P0,5
53001010035P1,6
33004072067P2,5
33009015171P3,4
40015017026P0,4
42046017019P0,3
32008015007P0,4
31005012030P0,4
42005019030P0,6
33005010006P0,4
31032010010P9,4
22003010009P2,4
40002012017P0,5
40004015031P5,4
31033016017P6,5
31004016020P8,5
31004016060P0,7
26001012013P8,4
12001015178P8,3
28001010023P2,5
22001018008P3,4
24009016019P1,4
30001013035P3,4
31003010075P4,5
52001016020P8,5
51005018015P7,4
32005016011P8,4
20001010011P9,4
20001010044P4,5
32001010033P6,5
50001019101P2,4
15001016034P4,5
24001015004P3,5
25001019012P9,5
42003016024P8,5
21001014030P6,3
40001016032P2,6
28022017005P0,4
42001013012P7,7
31001017020P9,7
23001011004P0,5
25003011077P6,3
31002013025P7,4
31002013007P9,5
27001016011P8,4
41001010018P6,5
33001014025P6,7
42002010041P7,5
32006012028P4,4
53001010029P1,4
53001010009P0,6
33004030017P7,5
33004110042P8,4
33003017039P0,5
33003017015P3,7
33009015073P1,4
33002010028P1,6
42004012011P0,6
52010015002P5,4
33132011001P9,4
33148015001P9,5
41002016156P2,4
40004015006P0,7
20002017043P4*,3
51004011003P2,4
31033016008P7*,4
40005011042P3,4
28006011002P3,4
12001015025P7,4
26041006001P1,4
28001010088P7,5
22001018020P3,4
25003011009P0*,6
23001011050P2*,4
52001016064P5,4
51005018008P0,5
32004010004P9,6
20001010026P6,4
32001010098P0,4
32001010029P9,5
51001012013P9,4
50001019014P2,4
50001019033P7,4
16003012002P0*,4
15001016028P4,5
42003016007P6,4
21001014002P2,4
40001016078P2,3
40001016082P0,4
51034000006P5,3
15002012005P0,3
42001013036P3,7
25003011011P5,5
25003011006P1,5
28022017004P4*,4
41001010019P2,6
42002010010P4,5
32002017011P9,7
32010010003P9,4
33004064048P2,6
33004099086P8,4
33004102049P7,6
33004102002P0,7
32016018001P0,3
32014015005P3,4
12006017003P5*,4
40015017011P2,4
40015017009P8*,5
25020013002P0,5
33002010098P0,6
33002010165P9,5
33002037013P5,6
22004017002P4,3
32044011002P0,3
33056013012P2,4
52012018010P0,3
32004010049P2,3
